,title,content,source,url
0,“Bạn xấu như chiếc bóng”,"Bạn xấu như chiếc bóng
Cứ bám riết theo anh
Khi anh sáng, rực rỡ
Như mặt trời long lanh

Nhưng họ sẽ biến mất
Khi trời phủ mây đen
Tức là khi anh đói
Trong túi không có tiền",[Thông tin 1 nguồn tham khảo đã được ẩn],https://www.thivien.net/Th%C3%A1i-B%C3%A1-T%C3%A2n/B%E1%BA%A1n-x%E1%BA%A5u-nh%C6%B0-chi%E1%BA%BFc-b%C3%B3ng/poem-4r1MApTHwgzgxicR8oy7nQ
1,“Cái làm ta hạnh phúc”,"Cái làm ta hạnh phúc
Thực ra cũng chẳng nhiều
Chỉ cần có ai đó
Để ta thầm thương yêu

Rồi thêm chút công việc
Cho ta làm hàng ngày
Cuối cùng, chút mơ mộng
Để đưa ta lên mây",[Thông tin 1 nguồn tham khảo đã được ẩn],https://www.thivien.net/Th%C3%A1i-B%C3%A1-T%C3%A2n/C%C3%A1i-l%C3%A0m-ta-h%E1%BA%A1nh-ph%C3%BAc/poem-t24-M5Dn2cxmEDVSrQhtCw
2,“Chiều vừa xốp trên tay”,"Chiều vừa xốp trên tay
Chợt nghe thoáng ong bay
Có ai vừa chết nhỉ
Mây thắt tang trăng gầy

Ớt đỏ sao cứ đỏ
Táo chín cho thật vàng
Em đẹp cho thêm đẹp
Để mắt ngừng lang thang",[Thông tin 1 nguồn tham khảo đã được ẩn],https://www.thivien.net/L%C3%A2m-Huy-Nhu%E1%BA%ADn/Chi%E1%BB%81u-v%E1%BB%ABa-x%E1%BB%91p-tr%C3%AAn-tay/poem-f31v-s36HNxJNqauIrC7Xw
3,“Chơi thân không có nghĩa”,"Chơi thân không có nghĩa
Không cãi nhau bao giờ
Không làm nhau tức giận
Hay đôi lúc hững hờ

Vấn đề là ở chỗ
Đã chơi thân với nhau
Thì phải nên kiềm chế
Đừng giận dỗi quá lâu",[Thông tin 1 nguồn tham khảo đã được ẩn],https://www.thivien.net/Th%C3%A1i-B%C3%A1-T%C3%A2n/Ch%C6%A1i-th%C3%A2n-kh%C3%B4ng-c%C3%B3-ngh%C4%A9a/poem-UHcGs3KT2AX8C0LsaFsT3w
4,“Có thể buồn chút ít”,"Có thể buồn chút ít
Một mình, không người yêu
Nhưng tình yêu bất hạnh
Thực sự buồn hơn nhiều",[Thông tin 1 nguồn tham khảo đã được ẩn],https://www.thivien.net/Th%C3%A1i-B%C3%A1-T%C3%A2n/C%C3%B3-th%E1%BB%83-bu%E1%BB%93n-ch%C3%BAt-%C3%ADt/poem-hW1hoVM5fXDL1q_pi91DAw
5,“Có thể có ông bố”,"Có thể có ông bố
Không yêu con; xưa nay
Đã ông là yêu cháu
Tôi khẳng định điều này",[Thông tin 1 nguồn tham khảo đã được ẩn],https://www.thivien.net/Th%C3%A1i-B%C3%A1-T%C3%A2n/C%C3%B3-th%E1%BB%83-c%C3%B3-%C3%B4ng-b%E1%BB%91/poem-07LDSru7njk6vpq-Vn5Hag
6,“Dưới giàn hoa thiên lý...”,"Dưới giàn hoa thiên lý
Một mình anh đang ngồi
Không dưng em bước tới
Anh bỗng thành song đôi",[Thông tin 1 nguồn tham khảo đã được ẩn],https://www.thivien.net/Nguy%E1%BB%85n-Nh%E1%BA%ADt-%C3%81nh/D%C6%B0%E1%BB%9Bi-gi%C3%A0n-hoa-thi%C3%AAn-l%C3%BD/poem-u0YIZsC-pwwY1Khy_e96OQ
7,“Đàn ông đòi phụ nữ”,"Đàn ông đòi phụ nữ
Dâng hiến hết cho mình
Được rồi, lại ca cẩm
Chuyện vợ con, gia đình

Tức là họ chỉ muốn
Phần đẹp của hôn nhân
Và trút hết cho vợ
Phần lo lắng, nhọc nhằn",[Thông tin 1 nguồn tham khảo đã được ẩn],https://www.thivien.net/Th%C3%A1i-B%C3%A1-T%C3%A2n/%C4%90%C3%A0n-%C3%B4ng-%C4%91%C3%B2i-ph%E1%BB%A5-n%E1%BB%AF/poem--FB25HAZPRKsei049lfNvQ
8,"“Đến, nhiều nơi để đến”","Đến, nhiều nơi để đến
Về, trở lại với mình
Chỉ duy nhất một chốn
Chốn ấy là gia đình",[Thông tin 1 nguồn tham khảo đã được ẩn],https://www.thivien.net/Th%C3%A1i-B%C3%A1-T%C3%A2n/%C4%90%E1%BA%BFn-nhi%E1%BB%81u-n%C6%A1i-%C4%91%E1%BB%83-%C4%91%E1%BA%BFn/poem-39NZptOCqcWR7beS-TJcOg
9,“Đừng bao giờ dại dột”,"Đừng bao giờ dại dột
Đem chuyện riêng của mình
Tâm sự với người khác
Đây, con số chứng minh:

Hai phần ba trong họ
Sẽ chẳng thèm quan tâm
Một phần ba còn lại
Nghe xong, lòng vui thầm",[Thông tin 1 nguồn tham khảo đã được ẩn],https://www.thivien.net/Th%C3%A1i-B%C3%A1-T%C3%A2n/%C4%90%E1%BB%ABng-bao-gi%E1%BB%9D-d%E1%BA%A1i-d%E1%BB%99t/poem-G6OAEVSjTKCAXXDhIoGKyA
10,“Hầu hết các đồ vật”,"Hầu hết các đồ vật
Ta muốn đều đắt tiền
Một khi không có được
Ta cảm thấy buồn phiền

Trong khi cái thực sự
Làm ta vui ở đời
Hoàn toàn không tốn kém
Là tình yêu, tiếng cười",[Thông tin 1 nguồn tham khảo đã được ẩn],https://www.thivien.net/Th%C3%A1i-B%C3%A1-T%C3%A2n/H%E1%BA%A7u-h%E1%BA%BFt-c%C3%A1c-%C4%91%E1%BB%93-v%E1%BA%ADt/poem-UgNEBlIDpJW5xfeygCe28g
11,“Hiện tại anh đang sống”,"Hiện tại anh đang sống
Không được để phí hoài
Vì nỗi buồn quá khứ
Và sợ hãi tương lai",[Thông tin 1 nguồn tham khảo đã được ẩn],https://www.thivien.net/Th%C3%A1i-B%C3%A1-T%C3%A2n/Hi%E1%BB%87n-t%E1%BA%A1i-anh-%C4%91ang-s%E1%BB%91ng/poem-pYUpg8fOuGOnRLk0QFmMWQ
12,“Hoàng thị” chưa quên…,"Chưa hết mùa tầm xuân
Nên mưa còn ngại ngần
Nơi miền xa bất tận
Để nắng… dài bâng khuâng!

Sài Gòn bao bàn chân
Nhớ bao nhiêu tên đường?
Đời qua bao nhiêu bận
Gót giày lên vấn vương?

Tháng Tư làm nhớ thương
Đầu mùa ve nức nở
Trên vòm lá sân trường
Bên đường xưa của Ngọ

Ai đang ngồi khóc dở
Thời gian qua thời gian
Hết rồi ngày bỡ ngỡ
Còn chăng nỗi bẽ bàng!

Bên chân dung điêu tàn
Nên ngày xưa của Ngọ
Đời không cho quên lãng
Để yêu thương còn chờ

Mai em về xứ sở
Áo dài quấn chân anh
Đi qua đường của Ngọ
Viết thêm câu chuyện tình…",16.4.18,https://www.thivien.net/Minh-S%C6%A1n-L%C3%AA/Ho%C3%A0ng-th%E1%BB%8B-ch%C6%B0a-qu%C3%AAn/poem-9ymR5llztMAaB3ivBKGuIg
13,“Khi cô gái im lặng”,"Khi cô gái im lặng
Năm lý do như sau:
Một, nàng đang tức giận
Hai, nàng đang buồn đau

Ba, nàng sắp bùng nổ
Bốn, nàng nghi ngờ mình
Năm, và quan trọng nhất
Nàng chờ bạn tỏ tình",[Thông tin 1 nguồn tham khảo đã được ẩn],https://www.thivien.net/Th%C3%A1i-B%C3%A1-T%C3%A2n/Khi-c%C3%B4-g%C3%A1i-im-l%E1%BA%B7ng/poem-JGuKQCVpULYCIRVVfQK-2g
14,“Khi gặp chuyện phiền muộn”,"Khi gặp chuyện phiền muộn
Và đầu óc nặng nề
Dạo bộ khoảng mươi phút
Bạn sẽ thấy ô-kê

Các nhà khoa học nói
Dạo bộ làm gia tăng
Các hoá chất trong não
Giúp bạn thấy cân bằng",[Thông tin 1 nguồn tham khảo đã được ẩn],https://www.thivien.net/Th%C3%A1i-B%C3%A1-T%C3%A2n/Khi-g%E1%BA%B7p-chuy%E1%BB%87n-phi%E1%BB%81n-mu%E1%BB%99n/poem-V4wjxdwmRNFxRn2C9S9iyA
15,“Khi tiếng niệm Di Đà”,"Khi tiếng niệm Di Đà
Vang vọng trong tâm ta
Rơi đi những phiền não
Cho Bồ đề nở hoa",[Thông tin 1 nguồn tham khảo đã được ẩn],https://www.thivien.net/Th%C3%ADch-Ch%C3%A2n-T%C3%ADnh/Khi-ti%E1%BA%BFng-ni%E1%BB%87m-Di-%C4%90%C3%A0/poem-pDbZtZ1CigVW422eL0CQ2g
16,“Khoẻ - không phải nhấc mạnh”,"Khoẻ - không phải nhấc mạnh
Mà biết đặt nhẹ nhàng
Kính - đối với người dưới
Như những người ngang hàng

Lớn - không ở to tát
Mà ở điều bình thường
Đẹp - không ở khuôn mặt
Mà trái tim yêu thương

Tốt - không ở lời nói
Mà việc làm hàng ngày
Cuốn sách đẹp, bìa cứng
Chưa hẳn là sách hay",[Thông tin 1 nguồn tham khảo đã được ẩn],https://www.thivien.net/Th%C3%A1i-B%C3%A1-T%C3%A2n/Kho%E1%BA%BB-kh%C3%B4ng-ph%E1%BA%A3i-nh%E1%BA%A5c-m%E1%BA%A1nh/poem-AcjlU8CFbBUa5ZwreL_Qpw
17,“Không thể kiểm tra bạn”,"Không thể kiểm tra bạn
Như ta kiểm tra tiền
Muốn xem thật hay giả
Đem soi trước bóng đèn",[Thông tin 1 nguồn tham khảo đã được ẩn],https://www.thivien.net/Th%C3%A1i-B%C3%A1-T%C3%A2n/Kh%C3%B4ng-th%E1%BB%83-ki%E1%BB%83m-tra-b%E1%BA%A1n/poem-OrB3lHwvfpxlSwoSsC8pUQ
18,“Lặng ngồi chốn tĩnh lâu”,"Lặng ngồi chốn tĩnh lâu
Trăng sáng, gió canh thâu!
Bát nhã hương lòng nhẹ.
Lăng Già niệm ý sâu
Phật, Tâm chung một vẻ
Thiền, Tịnh chẳng hai mầu
Ngưng chuỗi, thầm riêng hỏi
Hoa đêm điểm điểm đầu...",[Thông tin 1 nguồn tham khảo đã được ẩn],https://www.thivien.net/Th%C3%ADch-Thi%E1%BB%81n-T%C3%A2m/L%E1%BA%B7ng-ng%E1%BB%93i-ch%E1%BB%91n-t%C4%A9nh-l%C3%A2u/poem-6510NdSMoamB9S3QMp9AhA
19,“Lòng tôi là cây khế...”,"Lòng tôi là cây khế
Em là chim về chơi
Vàng kia em chẳng trả
Chỉ nhả hạt xuống thôi
Hạt rớt xuống thành cây
Cây cũng toàn cây khế
Từ khi em đi rồi
Vườn tôi thành lặng lẽ
Biết bao giờ trở lại
Cánh chim em ngày nào
Lòng tôi hoa khế rụng
Xuống nỗi buồn nôn nao...",[Thông tin 1 nguồn tham khảo đã được ẩn],https://www.thivien.net/Nguy%E1%BB%85n-Nh%E1%BA%ADt-%C3%81nh/L%C3%B2ng-t%C3%B4i-l%C3%A0-c%C3%A2y-kh%E1%BA%BF/poem-piaOE_aXABBrdEkka4gaag
20,“Mẹ vẫn luôn là mẹ”,"Me vẫn luôn là mẹ
Suốt đời lo cho con
Cả khi con còn nhỏ
Cả khi con lớn khôn

Cả khi con lấy vợ
Cả khi cháu đầy nhà
Cả khi nằm chờ chết
Thế đấy, mẹ chúng ta

Còn chúng ta, ích kỷ
Luôn dựa vào mẹ mình
Cả khi ta còn nhỏ
Cả khi ta trưởng thành

Cả khi ta lấy vợ
Cả khi cháu đầy nhà
Cả khi mẹ sắp chết
Vâng, thế đấy, chúng ta",[Thông tin 1 nguồn tham khảo đã được ẩn],https://www.thivien.net/Th%C3%A1i-B%C3%A1-T%C3%A2n/M%E1%BA%B9-v%E1%BA%ABn-lu%C3%B4n-l%C3%A0-m%E1%BA%B9/poem-txtUESBDZd17qIOjd8zXag
21,“Mong bạn hoài nghi tôi”,"Mong bạn hoài nghi tôi
Cho tôi tin cậy bạn
Những lời đang vỗ cánh
Chưa chắc là đã bay!",[Thông tin 1 nguồn tham khảo đã được ẩn],https://www.thivien.net/Nguy%E1%BB%85n-V%C5%A9-Ti%E1%BB%81m/Mong-b%E1%BA%A1n-ho%C3%A0i-nghi-t%C3%B4i/poem-SXdUCYxChMCrzbKk2EdcLw
22,“Một đời người quá ngắn”,"Một đời người quá ngắn
Một ngày sao quá dài
Bao nhiêu Sao Hôm lặn
Chẳng mọc thành Sao Mai","8-1992

[Thông tin 1 nguồn tham khảo đã được ẩn]",https://www.thivien.net/Nguy%E1%BB%85n-S%C4%A9-%C4%90%E1%BA%A1i/M%E1%BB%99t-%C4%91%E1%BB%9Di-ng%C6%B0%E1%BB%9Di-qu%C3%A1-ng%E1%BA%AFn/poem-3_1pIhihPm0StpgLBOxEIQ
23,“Một người đàn bà đẹp”,"Một người đàn bà đẹp
Mà có lòng thương người
Thì người đàn bà ấy
Càng xinh đẹp gấp mười",[Thông tin 1 nguồn tham khảo đã được ẩn],https://www.thivien.net/Th%C3%A1i-B%C3%A1-T%C3%A2n/M%E1%BB%99t-ng%C6%B0%E1%BB%9Di-%C4%91%C3%A0n-b%C3%A0-%C4%91%E1%BA%B9p/poem-dPA9dK7U40qKgzRWrUaWwg
24,“Nếu muốn làm gì đấy”,"Nếu muốn làm gì đấy
Thì phải làm say mê
Không thì nghỉ cho khoẻ
Đừng nửa này nửa kia",[Thông tin 1 nguồn tham khảo đã được ẩn],https://www.thivien.net/Th%C3%A1i-B%C3%A1-T%C3%A2n/N%E1%BA%BFu-mu%E1%BB%91n-l%C3%A0m-g%C3%AC-%C4%91%E1%BA%A5y/poem-tTo-G66NSaSIuRYBJ8H9iA
25,“Ngoảnh mặt với bệ rồng”,"Ngoảnh mặt với bệ rồng
xua vàng khối bạc thẻ
dẫu đao phủ vung gươm
cũng đừng mong đổi ý

Nhưng gặp bạn tri âm
dù ngục tù cũng ở
người đẹp của muôn thuở
gần gũi và xa vời",[Thông tin 1 nguồn tham khảo đã được ẩn],https://www.thivien.net/Nguy%E1%BB%85n-V%C5%A9-Ti%E1%BB%81m/Ngo%E1%BA%A3nh-m%E1%BA%B7t-v%E1%BB%9Bi-b%E1%BB%87-r%E1%BB%93ng/poem-WPWUR8J33_9m_c2jHvi_Ww
26,“Người ấy”,"""Người ấy"" xưa, gầy lắm
Mỏng mảnh khói sương buồn
Đôi mắt nhìn đăm đắm
Giấu một trời mưa tuôn

Cổng trường thời đi học
Tôi vẫn thường theo sau
Mười năm xa, mái tóc...
Còn vương hương thuở nào

""Người ấy"" không che nón
Mỗi khi tan học về
Không thích ai đưa đón
Dẫu đường dài lê thê

Ôi một thời ngây thơ
Khù khờ mà bướng bỉnh
Tôi lóng ngóng, lơ ngơ
Nhút nhát rồi...câm nín

Nên mùa chia tay ấy
Mặc phượng hồng lung linh
Và ve sầu trổi dậy
Tôi chỉ nhìn... lặng thinh

Bây giờ, ngồi tiếc nhớ
Ngày xanh - tuổi dại khờ
Ước chi đừng cách trở
""Người ấy"" về trong...mơ",[Thông tin 1 nguồn tham khảo đã được ẩn],https://www.thivien.net/%C4%90%E1%BB%97-Quang-Vinh/Ng%C6%B0%E1%BB%9Di-%E1%BA%A5y/poem-QhCdBKEHaOevyIqXvrZ_aw
27,“Người ham muốn càng ít”,"Người ham muốn càng ít
Sẽ càng ít buồn lo
Người nhu cầu tối thiểu
Là tột đỉnh tự do",[Thông tin 1 nguồn tham khảo đã được ẩn],https://www.thivien.net/Th%C3%A1i-B%C3%A1-T%C3%A2n/Ng%C6%B0%E1%BB%9Di-ham-mu%E1%BB%91n-c%C3%A0ng-%C3%ADt/poem-5hA9VeK-VBUR8UhGQP08ng
28,“Người luôn miệng kêu bận”,"Người luôn miệng kêu bận
Thường lại chính là người
Làm được rất ít việc
Cho mình và cho đời",[Thông tin 1 nguồn tham khảo đã được ẩn],https://www.thivien.net/Th%C3%A1i-B%C3%A1-T%C3%A2n/Ng%C6%B0%E1%BB%9Di-lu%C3%B4n-mi%E1%BB%87ng-k%C3%AAu-b%E1%BA%ADn/poem-uQlnz134n_GaUSZqo3rBvg
29,“Người ta đã tổng kết”,"Người ta đã tổng kết:
Chỉ khoảng mười phần trăm
Lý do gây cãi vã
Do khác ý, hiểu lầm

Chín mươi phần còn lại
Chỉ vì do hai bên
Nóng giận và cao giọng
Chuyện nhỏ mà ầm lên",[Thông tin 1 nguồn tham khảo đã được ẩn],https://www.thivien.net/Th%C3%A1i-B%C3%A1-T%C3%A2n/Ng%C6%B0%E1%BB%9Di-ta-%C4%91%C3%A3-t%E1%BB%95ng-k%E1%BA%BFt/poem-b3wJlMGAQgY_c_0Az_mUlw
30,“Những lúc mình vui sướng”,"Những lúc mình vui sướng
Hãy thầm hỏi trong lòng:
“Liệu có ai phải khổ
Vì niềm vui này không?”",[Thông tin 1 nguồn tham khảo đã được ẩn],https://www.thivien.net/Th%C3%A1i-B%C3%A1-T%C3%A2n/Nh%E1%BB%AFng-l%C3%BAc-m%C3%ACnh-vui-s%C6%B0%E1%BB%9Bng/poem-kIw-35TDUY7h9xlMBMaguw
31,“Nơi chính tâm cơn bão”,"Nơi chính tâm cơn bão
Dễ tìm được bình tâm",[Thông tin 1 nguồn tham khảo đã được ẩn],https://www.thivien.net/Nguy%E1%BB%85n-V%C5%A9-Ti%E1%BB%81m/N%C6%A1i-ch%C3%ADnh-t%C3%A2m-c%C6%A1n-b%C3%A3o/poem-cG1qCo8hwR0_vBQWjrFlWA
32,“Quyết tâm và nghị lực”,"Quyết tâm và nghị lực
Giúp người ta đứng lên
Cả trong những trường hợp
Tưởng không thể đứng lên",[Thông tin 1 nguồn tham khảo đã được ẩn],https://www.thivien.net/Th%C3%A1i-B%C3%A1-T%C3%A2n/Quy%E1%BA%BFt-t%C3%A2m-v%C3%A0-ngh%E1%BB%8B-l%E1%BB%B1c/poem-m_LFiY1iihAIgAP47zM0dw
33,“Ta buồn khi phải thấy”,"Ta buồn khi phải thấy
Nhiều người bỏ rơi ta
Buồn hơn khi chính họ
Từng thề luôn bên ta",[Thông tin 1 nguồn tham khảo đã được ẩn],https://www.thivien.net/Th%C3%A1i-B%C3%A1-T%C3%A2n/Ta-bu%E1%BB%93n-khi-ph%E1%BA%A3i-th%E1%BA%A5y/poem-ZGvJypvP7suWb3AyiojYCQ
34,“Tài là do thiên phú”,"Tài là do thiên phú
Đức là do mình rèn
Hai cái đều quan trọng
Nhưng đức vẫn xếp trên

Có tài không có đức
Là tai hoạ cho đời
Không tài nhưng có đức
Vẫn có lợi cho người",[Thông tin 1 nguồn tham khảo đã được ẩn],https://www.thivien.net/Th%C3%A1i-B%C3%A1-T%C3%A2n/T%C3%A0i-l%C3%A0-do-thi%C3%AAn-ph%C3%BA/poem-RHU0kNZhjOGffujIrpfWyA
35,“Tâm kệ”,"Gội rửa sạch trần hồng
như hoa ướp trầm xông
nguyện mười phương pháp giới
bi, trí khắp dung thông


Mặc áo lễ

Thân mặc áo giải thoát
lìa tập nhiễm phù vân
nguyện chúng sinh mười cõi
lìa vọng huyễn, qui chân


Thắp nến

Thắp lửa vô lượng quang
sáng soi bảy cửa ngục
nguyện chúng sinh vô vàn
về chân thân: Huệ, Đức


Đốt trầm hương

Khơi lò thanh tịnh trầm
gió đưa mười cõi thơm
nguyện theo vô lượng Phật
cúng dường tri kiến hương


Dâng quả

Như trái dâng cúng Phật
kết hạt chắc Bồ Đề
nguyện chúng sinh sáu ngả
tinh tấn chuyển tham mê


Dâng hoa

Như hoa thơm cúng Phật
tam nghiệp: giới hương xông
nguyện khắp ba thời mộng
bừng mở tâm viên đồng


Thỉnh chuông

Ba hồi âm định lực
ngọn triều chuyển sóng cao
rung động đất mê vọng
rực chiếu mười cõi sao
cầu chi ba tạng sách
chuyển hóa sáu trần lao
nguyện mười phương thế giới
thể nhập ánh Phật hào


Cúng kinh

Tâm trụ pho Diệu kinh
lắng tan ba nghiệp vọng
nguyện khắp mười phương mộng
chan chứa Phật quang minh


Mở kinh

Tay mở trang kinh thơm
như bừng khai trí huệ
cầu chư Phật mười phương
sáng soi dòng pháp kệ


Khai mõ

Như thắng cương, buộc ngựa
ý thoát khỏi mê đường
nguyện mở bảy cửa ngục
cứu nhất thiết tai ương


Khép kinh (khi tụng xong)

Vừa khép pho nhật nguyệt
lòng tỏa ánh quang minh
nguyện nêu đuốc bất nhị
soi rọi khắp sinh linh


Cởi áo lễ

Nguyện lìa nhất thiết tướng
như bỏ bè qua sông
nguyện vào nhất thiết tướng
hóa chuyển ngục trần hồng",[Thông tin 1 nguồn tham khảo đã được ẩn],https://www.thivien.net/Ph%E1%BA%A1m-Thi%C3%AAn-Th%C6%B0/T%C3%A2m-k%E1%BB%87/poem-xBMOgwlu-MTuZ0LOVRL30g
36,“Tha lỗi lầm cho bạn”,"Tha lỗi lầm cho bạn
Là việc tốt, tất nhiên
Nhưng còn tốt hơn thế
Là cố gắng để quên",[Thông tin 1 nguồn tham khảo đã được ẩn],https://www.thivien.net/Th%C3%A1i-B%C3%A1-T%C3%A2n/Tha-l%E1%BB%97i-l%E1%BA%A7m-cho-b%E1%BA%A1n/poem-016zj4JDkIxrPhvSU3L5jg
37,“Thời gian như tiền bạc”,"Thời gian như tiền bạc
Anh sống qua một ngày
Thì có nghĩa ngày ấy
Không còn nữa từ nay

Thời gian như tiền bạc
Nhớ tiết kiệm từng đồng
Tiền bạc kiếm lại được
Còn thời gian thì không",[Thông tin 1 nguồn tham khảo đã được ẩn],https://www.thivien.net/Th%C3%A1i-B%C3%A1-T%C3%A2n/Th%E1%BB%9Di-gian-nh%C6%B0-ti%E1%BB%81n-b%E1%BA%A1c/poem-5Tb-B8IDQD0gVEmW87hRUw
38,“Tình yêu của bà mẹ”,"Tình yêu của bà mẹ
Lặng lẽ và vô bờ
Không đòi hỏi đáp lại
Không mỏi mệt bao giờ

Ý nghĩ của bà mẹ
Nâng niu bằng tâm hồn
Luôn hai lần cân nhắc
Cho mình và cho con",[Thông tin 1 nguồn tham khảo đã được ẩn],https://www.thivien.net/Th%C3%A1i-B%C3%A1-T%C3%A2n/T%C3%ACnh-y%C3%AAu-c%E1%BB%A7a-b%C3%A0-m%E1%BA%B9/poem-2MTBz64vZJ13I2zatI5WMg
39,"“Trong tình yêu, xa cách”","Trong tình yêu, xa cách
Là phép thử nhiệm màu
Tình yêu mà hời hợt
Sẽ không kéo dài lâu

Ngược lại, tình yêu mạnh
Càng cách xa càng yêu
Như chân trời đỏ rực
Mỗi sáng và mỗi chiều

Xa cách là ngọn gió
Thổi tắt ánh đèn mờ
Nhưng nó, ngọn gió ấy
Làm đống lửa bùng to",[Thông tin 1 nguồn tham khảo đã được ẩn],https://www.thivien.net/Th%C3%A1i-B%C3%A1-T%C3%A2n/Trong-t%C3%ACnh-y%C3%AAu-xa-c%C3%A1ch/poem-ZBZ_cyYbWhYlVvweUac0aQ
40,“Tuổi tên...”,"Tuổi tên phơi phía trước
hoạ phúc ẩn sau trang",[Thông tin 1 nguồn tham khảo đã được ẩn],https://www.thivien.net/Nguy%E1%BB%85n-V%C5%A9-Ti%E1%BB%81m/Tu%E1%BB%95i-t%C3%AAn/poem-KRSvu2Y_jYRsmumGecAVNw
41,"“Về bản chất, giận dữ”","“Về bản chất, giận dữ
Là cơn điên nhất thời
Người không kiềm chế nó
Nó sẽ kiềm chế người",[Thông tin 1 nguồn tham khảo đã được ẩn],https://www.thivien.net/Th%C3%A1i-B%C3%A1-T%C3%A2n/V%E1%BB%81-b%E1%BA%A3n-ch%E1%BA%A5t-gi%E1%BA%ADn-d%E1%BB%AF/poem-OzJ2trYmUWXpqxC5PLhB0g
42,“Vì tình yêu phụ nữ”,"Vì tình yêu, phụ nữ
Sẵn sàng hy sinh mình
Còn đàn ông thì khác
Họ hy sinh người tình",[Thông tin 1 nguồn tham khảo đã được ẩn],https://www.thivien.net/Th%C3%A1i-B%C3%A1-T%C3%A2n/V%C3%AC-t%C3%ACnh-y%C3%AAu-ph%E1%BB%A5-n%E1%BB%AF/poem-Mgny3eVssGoF-Dh7gEkt6A
43,“Với những gì đang có”,"Với những gì đang có
Hãy cảm ơn đất trời
Rồi bạn có thể có
Nhiều hơn nữa trong đời

Chứ suốt ngày mong ước
Những gì đang trong mơ
Suốt đời bạn đau khổ
Không thấy đủ bao giờ",[Thông tin 1 nguồn tham khảo đã được ẩn],https://www.thivien.net/Th%C3%A1i-B%C3%A1-T%C3%A2n/V%E1%BB%9Bi-nh%E1%BB%AFng-g%C3%AC-%C4%91ang-c%C3%B3/poem-jImOkuDLzCJyRedC-trJ-Q
44,"“Với trẻ con, tốt nhất”","Với trẻ con, tốt nhất
Là không cho chúng tiền
Giúp làm bài, đi dạo
Đỡ tốn và đỡ phiền

Thật đẹp và ý nghĩa
Bố dắt con dạo chơi
Vừa đi vừa bày dạy
Để giúp con thành người",[Thông tin 1 nguồn tham khảo đã được ẩn],https://www.thivien.net/Th%C3%A1i-B%C3%A1-T%C3%A2n/V%E1%BB%9Bi-tr%E1%BA%BB-con-t%E1%BB%91t-nh%E1%BA%A5t/poem-1NOlA704_l0KXAlSWP4otg
45,“Vượt trở ngại là khó”,"Vượt trở ngại là khó
Nhưng khó hơn vẫn là
Vượt trở ngại lớn nhất
Là chính bản thân ta",[Thông tin 1 nguồn tham khảo đã được ẩn],https://www.thivien.net/Th%C3%A1i-B%C3%A1-T%C3%A2n/V%C6%B0%E1%BB%A3t-tr%E1%BB%9F-ng%E1%BA%A1i-l%C3%A0-kh%C3%B3/poem-0HMLBkZ0f1EJMprmg1Mqew
46,“Xinh đẹp không có nghĩa”,"Xinh đẹp không có nghĩa
Là hạnh phúc hơn người
Nhưng những người hạnh phúc
Luôn xinh đẹp tuyệt vời",[Thông tin 1 nguồn tham khảo đã được ẩn],https://www.thivien.net/Th%C3%A1i-B%C3%A1-T%C3%A2n/Xinh-%C4%91%E1%BA%B9p-kh%C3%B4ng-c%C3%B3-ngh%C4%A9a/poem-APAV3z7jAzzhT1DU-ohKSg
47,#18,"Tiếng xe đùa qua ngõ
Cành nguyệt quế rùng mình
Hương tan trên dấu lặng
Giai điệu tròn lung linh.",[Thông tin 1 nguồn tham khảo đã được ẩn],https://www.thivien.net/Tu%E1%BB%87-S%E1%BB%B9/18/poem-vvXMqDr3PYay-7iOBtJn6A
48,#7,"Chung trà đã lịm khói
Hàng chữ vẫn nối dài
Thế sự chùm hoa dại
Ủ mờ con mắt cay.",[Thông tin 1 nguồn tham khảo đã được ẩn],https://www.thivien.net/Tu%E1%BB%87-S%E1%BB%B9/7/poem-IeN7OAC2iSw_jmEooFXqag
49,01,"Sợi tóc cứ gầy đi
Qua những đêm khó ngủ",,https://www.thivien.net/Nguy%E1%BB%85n-Ng%E1%BB%8Dc-O%C3%A1nh/01/poem-Yo9aQueuAwgpnUbh6JBDZg
50,01,"Thoáng bút mực lặng thinh
Khơi vơi một thoáng tình
Thoáng mai bên thoáng nguyệt
Ơi tao ngộ thoáng mình","12.05.09

[Thông tin 1 nguồn tham khảo đã được ẩn]",https://www.thivien.net/Tr%E1%BB%A5-V%C5%A9/01/poem-k6MlVSOJZfPvxk-XTGJRvA
51,02,"Hỏi thử kiếp con người
Đã có mấy khi vui
Hoá ra trong nhịp võng
Đã thoáng câu trả lời","12.05.09

[Thông tin 1 nguồn tham khảo đã được ẩn]",https://www.thivien.net/Tr%E1%BB%A5-V%C5%A9/02/poem-R6sl-3JechljkOwJAS-B6A
52,03,"Mỗi giữa cõi thơ này
Mới có thoáng mây bay
Mới có thoáng trăng tỏ
Thoáng sum nọ - thoáng vầy","12.05.09

[Thông tin 1 nguồn tham khảo đã được ẩn]",https://www.thivien.net/Tr%E1%BB%A5-V%C5%A9/03/poem--YQuw954NnLednV2Ly9L0A
53,04,"Nước mắt tuôn trong veo
Hỏi rằng nguồn có sạch",,https://www.thivien.net/Nguy%E1%BB%85n-Ng%E1%BB%8Dc-O%C3%A1nh/04/poem-ZgrSZWo9YOJWMtCHbMJWRg
54,04,"Một thoáng hạnh phương tâm
Cát lỡ thương bụi lầm
Có điều, trong bảng lảng
Hằng tủm tỉm Thương Sâm","12.05.09

[Thông tin 1 nguồn tham khảo đã được ẩn]",https://www.thivien.net/Tr%E1%BB%A5-V%C5%A9/04/poem-2HO2beb_29gEl-BaRt4JHQ
55,05,"Một thoáng tiết Thanh minh
Thoáng ta gặp thoáng mình
Thoáng Kim bên thoáng Đạm
Đẹp thoáng Kiều ba sinh","12.05.09

[Thông tin 1 nguồn tham khảo đã được ẩn]",https://www.thivien.net/Tr%E1%BB%A5-V%C5%A9/05/poem-KiIgsPtde53uZhnUDrL2QA
56,06,"Thoáng qua rồi thoáng lại
Từng thoáng thoáng xuân thu
“Động khẩu ưng trường tại”
Ồ: bướm bướm ngao du","12.05.09

[Thông tin 1 nguồn tham khảo đã được ẩn]",https://www.thivien.net/Tr%E1%BB%A5-V%C5%A9/06/poem-yUg0_ceg0_KgeImeC7x_HQ
57,07,"Mặt phẳng ánh sáng ở
Hang hốc - bóng tối về",,https://www.thivien.net/Nguy%E1%BB%85n-Ng%E1%BB%8Dc-O%C3%A1nh/07/poem-z-QI3E0lym6tRiY3DTAGMw
58,07,"Cứ từng từng thoáng một
Ơi con chim ột rột
Cứ từng từng thoáng đôi
Ơi ngôi chùa Một Cột","12.05.09

[Thông tin 1 nguồn tham khảo đã được ẩn]",https://www.thivien.net/Tr%E1%BB%A5-V%C5%A9/07/poem-ysdNbjOkQSLNgRciI61Z9g
59,08,"Nhịp võng lại rồi qua
Vì thơ A di đà
Vãng sanh, lại hồi nhập
Thoáng thoáng Mạn đà la","12.05.09

[Thông tin 1 nguồn tham khảo đã được ẩn]",https://www.thivien.net/Tr%E1%BB%A5-V%C5%A9/08/poem-DFRWJMKZzQvCh5PdgrhdgQ
60,09,"Gió về, cây vật vã
Em đi, anh lạc đường",,https://www.thivien.net/Nguy%E1%BB%85n-Ng%E1%BB%8Dc-O%C3%A1nh/09/poem-bhaOCpA37q6AXX3W9-picw
61,09,"Một thoáng sát na ơi
Trong em thoáng nụ cười
Trong anh thoáng hạt lệ
Long lanh chín dặm trời","12.05.09

[Thông tin 1 nguồn tham khảo đã được ẩn]",https://www.thivien.net/Tr%E1%BB%A5-V%C5%A9/09/poem-ewAuwwBn8rjSiTjCwpEZIA
62,1,"Cùng quây quần lại đây
Nào các em miền xuôi
Nào các em miền ngược
Nghe anh kể chuyện này
Chuyện tổ tiên dựng nước

Có em nào biết được
Vì sao trên đất này
Rừng hoang thành biển lúa
Vàng tít tắp hôm nay?
Bãi lầy thành đồng muối
Trắng xoá tận chân mây?

Có em nào biết được
Trải bao đời dựng xây
Bao lớp người thuở trước
Cùng góp sức chung tay?
Chuyện kể dài đấy nhé
Thôi, ta bắt đầu ngay!",[Thông tin 1 nguồn tham khảo đã được ẩn],https://www.thivien.net/Nguy%E1%BB%85n-Bao/1/poem-8_2gKKpSxKu4ObM44GiyQw
63,10,"Run run ve lột xác
Màu nhạc mới cựa mình",,https://www.thivien.net/Nguy%E1%BB%85n-Ng%E1%BB%8Dc-O%C3%A1nh/10/poem-Q44Pi0kZz9OJQKTv-BMxBA
64,10,"Một thoáng - là không thực
Do thế - tròn cung bực
Cấi một thoáng vô cùng
Ấm mười phương Tứ Đức","12.05.09

[Thông tin 1 nguồn tham khảo đã được ẩn]",https://www.thivien.net/Tr%E1%BB%A5-V%C5%A9/10/poem-DoTGn2PssAgZSvO9pURoTw
65,106-110,"106
Tình nhân nửa cánh hoa mai
Gió mang theo đến bên đài vọng lâu
Lệ xanh giổ giấc đêm thâu
Hoa mai còn đó người đâu chẳng về

107
Chiều tà tuyết rãi bên sông
Thuyền ai đứng ngóng đợi chờ trăng lên
Lệ xanh giỏ chút sầu riêng
Ếch kêu vẳng tiếng nửa miền hư không

108
Chiều tà gió thổi nửa cành mai
Bóng quạ bên sương thả chiếc hài
Lệ đổ rêu xanh dày cỏ mọc
Hài nằm chờ mãi bước chân ai

109
Gió tạc thổi sầu bay tám hướng
Ướp sầu bằng nửa cánh hoa mai
Lệ ai xanh ướt trang đài
Thuyền quyên đứng lặng xiêm dài áo bay

110
Thu tàn trong lá cây
Đời tàn trong ngõ hẹp
Tình tàn theo gió mây xanh
Đêm tàn cô quạnh bên mành lệ rơi",,https://www.thivien.net/H%C3%A0-V%C4%83n-K%E1%BB%B3/106-110/poem-HLXqsf1hkTgjxOJrvdzlew
66,12,"Rễ kiếm sống âm thầm
Ngọn cây đầm sương giá",,https://www.thivien.net/Nguy%E1%BB%85n-Ng%E1%BB%8Dc-O%C3%A1nh/12/poem-EXkpxdCUnPllfboON3T-gw
67,126-130,"126
Niềm vui đứt nửa vầng mây
Cơn sầu đứt nửa chim gầy rạc hoa
Lệ rơi từng hạt châu sa
Xanh rơi từng mảnh trăng tà gió lay

12
Ếch nhảy bờ nước lạnh
Thuyền chìm giữa sông xanh
Lệ không rơi hạt đọng khô
Chim buồn ngóng mãi xa bờ nước trôi

128
Đời reo ngàn dặm nẻo đường
Ta lo tìm mãi một đường để đi
Lệ vùi trong đám cỏ thi
Lá xanh ngủ giấc xuân thì bỏ quên

129
Mang vạn cổ sầu hoa tuyết bay
Xanh tay rót chén nửa vầng mây
Nhật nguyệt đâu rồi ai có biết
Lệ đổ chân trời dế ngủ say

130
Thiên cổ mênh mang sầu tri kỹ
Ngàn đời gió vẫn thổi vườn khuya
Lệ mãi xanh rêu dài chiếc bóng
Trăng tà rải mãi bóng cô liêu",,https://www.thivien.net/H%C3%A0-V%C4%83n-K%E1%BB%B3/126-130/poem-rQxj6Q_zoFiQNqS_gfouNw
68,13,"Tha hương giữa làng xóm
Đơn côi ngay nhà mình",,https://www.thivien.net/Nguy%E1%BB%85n-Ng%E1%BB%8Dc-O%C3%A1nh/13/poem-AkIES4QkWXAZE9ywNZrmFg
69,14,"Sân thượng khóm hồng nở
Lưng trời trăng toả hương",,https://www.thivien.net/Nguy%E1%BB%85n-Ng%E1%BB%8Dc-O%C3%A1nh/14/poem-qs4oLi6iZo65_KCutxJR-w
70,15,"Mái gà vừa đẻ trứng
Tiếng cục tác lăn tròn",,https://www.thivien.net/Nguy%E1%BB%85n-Ng%E1%BB%8Dc-O%C3%A1nh/15/poem-MY7_YuTVJB2yuG3L1ZiEUg
71,18,"Ngọn gió cần bầu trời
Con dơi mong bóng tối",,https://www.thivien.net/Nguy%E1%BB%85n-Ng%E1%BB%8Dc-O%C3%A1nh/18/poem-663XYZnrZFusWXUJyBEHfg
72,18,"Đám cháy ở sau lưng
ở trước mặt
Than ôi mày chạy đâu
Dưới vòm trời quen thuộc
Đốt bao nhiêu cỏ mật
Không bay mùi thơm tho
Càng hun càng đỏ mắt
Quay về thung lũng cò.","Những tác phẩm Hương cỏ mật, Vòm trời quen thuộc, Đám cháy trước mặt của nhà văn Đỗ Chu.",https://www.thivien.net/Xu%C3%A2n-S%C3%A1ch/18/poem-6zXEkwLWFaquCeSg_5Gspw
73,2,"Tự ngày xửa ngày xưa
Hàng mấy ngàn năm trước
Có vị thần làm vua
Đứng đầu trong xứ Lạc

Dưới một vầng trán cao
Chếch đôi mày lưỡi mác
Có cả hai ngôi sao
Toả sáng từ đáy mắt

Mỗi bước chân rẽ nước
Chói một vòng hào quang
Lấp lánh trên áo giáp
Những vẩy bạc, vẩy vàng

Thấy vua có mình rồng
Lại tài đi dưới nước
Dân gọi ""Lạc Long Quân""
(Hay Vua Rồng xứ Lạc)",[Thông tin 1 nguồn tham khảo đã được ẩn],https://www.thivien.net/Nguy%E1%BB%85n-Bao/2/poem-byePEmZ2L0hgEjQO1qx_hg
74,3,"Lòng vua rất thương dân
Làm ăn bao vất vả:
Núi cao đầy thú rừng
Biển sâu trào sóng cả!

Người bắt ốc ven sông
Kẻ vào rừng đào củ
Chênh vênh những nhà sàn
Đêm nghe gầm tiếng hổ

Ăn quả rừng thay cơm
Bột báng hoà nấu cháo
Bện cỏ làm chiếu chăn
Tước vỏ cây dệt áo

Rừng núi dày lau sậy
Cỏ mọc kín đồi nương
Thác lũ tràn cuốn chảy
Bùn ngập những bãi hoang...

Vua nghĩ ngợi bao ngày
Thương nhân dân nghèo đói
Nào phải xứ Lạc này
Đất nuôi người không nổi!

- Nhưng vì đâu, vì đâu
Dân ta còn chịu khổ?
Câu hỏi xoáy trong đầu
Bao đêm dài không ngủ

Thế rồi một buổi sáng
Ngựa đã thắng yên cương
Thăm nhân dân sinh sống
Vua cùng quân lên đường",[Thông tin 1 nguồn tham khảo đã được ẩn],https://www.thivien.net/Nguy%E1%BB%85n-Bao/3/poem-3nq6xlPnw-kZo5LfF_ET_Q
75,37,"Mùa thu chỉ có lá
Em không nghe rừng thu
Rừng mưa to gió cả
Em thích nghe mùa xuân
Con nai vàng ngơ ngác
Nó ca bài cải lương.",Hai câu “Em không nghe mùa thu” và “Con nai vàng ngơ ngác” trong bài thơ Tiếng thu của Lưu Trọng Lư.,https://www.thivien.net/Xu%C3%A2n-S%C3%A1ch/37/poem-gpt5Oj2aIR64mqtulAy9yg
76,376,"Hoa đẹp vì sẽ tàn
Tình đẹp vì sẽ tan
Lệ xanh rơi từng đoạn
Đời đẹp những trái ngang",,https://www.thivien.net/H%C3%A0-V%C4%83n-K%E1%BB%B3/376/poem-MsIVMHOCCagfVDZqR1dpyw
77,38,"Một
Cuộc chiến tranh đi qua
Rồi trở lại ngôi nhà
Đốt lên ngọn lửa ấm
Ngủ ngon a kai ơi
Ngủ ngon a kai à...",Tác phẩm Mặt đường khát vọng của nhà thơ Nguyễn Khoa Điềm.,https://www.thivien.net/Xu%C3%A2n-S%C3%A1ch/38/poem-wiIt2mvpmjf0G-oL7NnQsA
78,4,"Đến một chiều mù sương
Mặt trời tà sau núi
Vua tới bên cửa rừng
Nơi ánh đèn le lói

Ôm con trong bóng tối
Người mẹ cúi gục đầu
Vai gầy xoà tóc rối
Tiếng nấc nghẹn thương đau...

Vua ân cần hỏi chuyện
Người mẹ kể đầu đuôi:
- ""Chồng đến phiên nộp mạng
Cho quỷ ăn thịt rồi!

Xưa vốn ở chốn đây
Có một cây cổ thụ
Lá che rợp mặt trời
Nhưng bão rừng cuốn đổ

Từ gốc nhà mọt ruỗng
Hoá thành giống Mộc Tinh
Bắt người ăn thịt sống
Gây bao nỗi khiếp kinh...""

Nghĩ thương dân đau khổ
Vua tìm đến cánh rừng
Nơi có cây cổ thụ
Quyết diệt mối hoạ chung

Thấy kiếm loé hào quang
Sáng đỉnh rừng, măt suối
Mộc Tinh đã vội vàng
Lẩn mình vào bóng tối

Lúc biến thành cây rừng
Khi hoá làm vách núi
Săn đuổi mấy tháng ròng
Chân Long Quân chẳng mỏi

Vừa trọn một năm sau
Thêm vua cha giúp sức
Dân khắp miền kéo vào
Quanh khu rừng khép chặt

Như một cơn gió lốc
Cuồn cuộn giữa rừng cây
Mộc Tinh nào trốn thoát
Giữa trùng trùng lưới vây

Cây rung lá ào ào
Trận cuối cùng quyết liệt
Mộc Tinh hết phép màu
Phải cúi đầu khuất phục!

Nhờ diệt tan ác quỷ
Đồi núi lại yên lành
Kẻ làm nương, hái củi
Tiếng người rộn rừng xanh",[Thông tin 1 nguồn tham khảo đã được ẩn],https://www.thivien.net/Nguy%E1%BB%85n-Bao/4/poem-tPqMbf6wW5QHIKcR_v3cjw
79,5,"Dân đất rừng vui sống
Long Quân tạm yên lòng
Vua lại lên mình ngựa
Xuôi theo những dòng sông...

Vừa đến đất Long Biên
Dừng chân bờ sông Cái
Nghe đồn chuyện Ly Tinh
Dân khắp vùng sợ hãi

Ly Tinh có chín đuôi
(Cáo già nghìn tuổi lẻ)
Lúc hoá phép làm người
Lúc biến thành ma quỷ...

Bắt dân nhốt hang sâu
Đột lốtt người trà trộn
Gây bao nỗi khổ đau
Dân bỏ làng chạy trốn

Lau sậy chen bờ hoang
Đất phù sa màu mỡ
Mà cỏ ngập đồng làng
Vì không người cày vỡ

Khi Long Quân đến nơi
Xông thẳng vào hang núi
Ly Tinh thấy bóng người
Nhe nanh dài chồm tới

Nhưng dẫu nghìn phép lạ
Vẫn thua mũi kiếm thần
Chém nát đầu ác thú
Vua đạp xác dưới chân

Long Quân truyền lệnh gấp
Cứu bao người bị giam
Đoạn tháo sông tràn ngập
Nước mạnh lùa cửa hang

Ào ào dòng sông Cái
Chảy xiết mấy đêm ròng
Núi cuốn theo nước xoáy
Thành mặt hồ mênh mông

Và vùng đất ven hồ
Xưa lút đầu cỏ dại
Giờ bay mỏi cánh cò
Trên màu xanh lúa trải

Bãi lầy thành vườn tược
Quá chín trĩu cành sây
Làng Hồ soi bóng nước
Lồng lộng mặt hồ Tây...",[Thông tin 1 nguồn tham khảo đã được ẩn],https://www.thivien.net/Nguy%E1%BB%85n-Bao/5/poem-db6lbOWdxpVGKmxt8Y4AVw
80,50 năm ngày gặp lại,"Một thời mãi nhớ
Một thời chưa xa
Bao nhiêu kỷ niệm
Hôm nay vỡ oà

Bạn bè thân thiết
Từ thuở tóc xanh
Bây giờ nhìn lại
Mây bay bồng bềnh

Ai từng thương nhớ
Ai từng giận hờn
Ai từng tranh cãi
Bao điều thiệt hơn

Đã từng nắm tay
Đã từng xa cách
Đã từng vui vầy
Đã từng hờn trách

Bàn tay nắm chặt
Như về ngày xưa
Không còn khoảng cách
Năm mươi năm này

Rồi mình chia tay
Về muôn lối rẽ
Xin niềm nhớ khẽ
Dừng lại nơi này….","4/11/2023
Gạp gỡ các bạn IPB sau 50 năm.",https://www.thivien.net/Thu-Phong/50-n%C4%83m-ng%C3%A0y-g%E1%BA%B7p-l%E1%BA%A1i/poem-h0RdITMlstCpxxlOvCpqXA
81,6,"Diệt xong Cáo chín đuôi
Rời đồng bằng yên tĩnh
Vua đi tiếp về xuôi
Nơi rì rầm sóng biển

Nhà vua dừng ngựa lại
Một chiều bên biển Đông
Tiếng khóc đâu vẳng tới
Khiến Long Quân chạnh lòng

Kìa xa trên bãi cát
Dân chài đứng xúm đông
Quanh xác thuyền sóng giạt
Giữa một ngày trời trong

Gạt nước mắt tuôn ròng
Một ông già kể lại
Những đau khổ xé lòng
Để vua hay mọi nỗi

- ""Chúng tôi dân chài lưới
Sống dựa vào biển khơi
Ngày biển lành sóng lặng
Mà chết oan bao người!

Con cả đã ra khơi
Đi rồi không trở lại!
Nay còn đứa cháu trai
Xác cũng không được thấy!

Cả một vùng duyên hải
Bao vợ trẻ mất chồng
Bao con thơ mất bố
Nước mắt đầy biển Đông...""

Ông già chỉ tay ra
Eo biển bên vách núi:
- ""Kẻ thù nào đâu xa
Chính nó còn ở đấy!

Tên nó là Ngư Tinh
Vốn thuộc loài cá dữ
Sống ở đây bao đời
Không ai còn nhớ nữa

Thân dài mấy con sào
Da mốc màu đá xám
Hai con mắt đỏ ngầu
Hằn những tia lửa giận

Răng sắc mũi dao mài
Miệng sâu như đáy vực
Nuốt năm, bảy mạng người
Ngư Tinh chưa thoả sức!

Dọc ngang trên mặt sóng
Khắp một vùng biển xanh
Giở trăm, ngàn phép quỷ
Hãm lại những dân lành

Nó lao mình, xé nước
Sóng cao vượt mái nhà
Mặt biển xanh nhàu nát
Trong gió giật, mưa sa

Gặp bóng thuyền ra khơi
Vội quẫy đuôi dậy sóng
Thuyền đắm, xác dân chài
Thành mồi ngon căng bụng

Chuyến thuyền về chiều nay
Mất cả người lẫn cá
Sóng đánh giạt vào đây
Mảnh ván thuyền nát vỡ!""

Nghe ông già kể xong
Long Quân bao căm uất
Thương dân, đau quặn lòng
Vua quyết trừ quái vật!",[Thông tin 1 nguồn tham khảo đã được ẩn],https://www.thivien.net/Nguy%E1%BB%85n-Bao/6/poem-M4Fyj1emrqSmc3zJaz-UaA
82,63,"Nhen lên một
Mong soi gương mặt người
Bỗng cơn giông nổi dậy
Mây che một khung trời

Đất sau mưa hỡi đất
Màu mỡ trôi về đâu
Còn trơ chiếc guốc võng
Trăng mài mòn canh thâu.",Bếp lửa là tên bài thơ của nhà thơ Bằng Việt.,https://www.thivien.net/Xu%C3%A2n-S%C3%A1ch/63/poem-0gB2QPxg08t-iohUs4I3NA
83,7.000 đêm còn lại,"Ta có bảy ngàn đêm
Ngủ trên miền đất mẹ
Qua một thời thơ bé
Nghe “đại bác ru đêm”

Ta có bảy ngàn đêm
Chưa yên vui giấc ngủ
Bởi năm dài khoai củ
Áo rách lạnh từng đêm

Em thêm bảy ngàn đêm
Lìa xa miền yêu dấu
Tìm về nơi nương náu
Mang đời đổi thay tên

Anh thêm bảy ngàn đêm
Trôi trên miền yêu dấu
Như thuyền không bến đậu
Theo ngày dài buồn tênh!

Ta còn bảy ngàn đêm
Nếu mà còn có thể
Mình yêu nhau em nhé
Cho đời ý nghĩa thêm

Ta còn bảy ngàn đêm
Dù môi khô bạc tóc
Nhưng xin em đừng khóc
Anh sẽ về với em…",2014,https://www.thivien.net/Minh-S%C6%A1n-L%C3%AA/7-000-%C4%91%C3%AAm-c%C3%B2n-l%E1%BA%A1i/poem-QOTPRMr-eVUl27ehDP6hTg
84,75,"Ôi thằng
Đi phỏng vấn Chí Phèo
Lão chết từ tám hoánh
Đời mày vẫn gieo neo

Còn cái lão Bá Kiến
Đục bản in thơ mày
Bao giờ mày say rượu
Bao giờ thì ra tay.",,https://www.thivien.net/Xu%C3%A2n-S%C3%A1ch/75/poem-rYWGbQo1lS_p0M3lVv0bEQ
85,9 phút tấn công,"9 giờ 50 phút
Ngày 15 tháng mười
Anh đi ra sân bắn
Trắng trong quần áo trắng

Thời gian cứ trôi nhanh
Từng giây như thúc giục
Tâm trí anh dồn dập
Trận tấn công cuối cùng

Đôi mắt anh chan chứa
Một tình yêu nồng nàn
Yêu quê hương xứ sở
Yêu tổ quốc Việt Nam
Cháy lên như ngọn lửa
Đốt trụi cả loài gian
Ôi tương lai rực rỡ
Trong một ánh hào quang

Giọng nói anh dâng cao
Một niềm tin mãnh liệt
Tin đồng chí đồng bào
Tin Bác Hồ tha thiết
Mạnh như ngọn sóng trào
Nhận chìm bầy rắn rết
Mang sức sống tự hào
Vượt qua đầu cái chết

9 giờ 59 phút
Ngày 15 tháng mười
Trong 9 phút ngắn ngủi
Anh đã thắng quân thù
Hình ảnh Nguyễn Văn Trỗi
Thành cờ mọc khắp nơi
Hãy nhớ lấy lời tôi
Thành tiếng ca muôn đời","8-11-1964

[Thông tin 1 nguồn tham khảo đã được ẩn]",https://www.thivien.net/T%E1%BA%BF-Hanh/9-ph%C3%BAt-t%E1%BA%A5n-c%C3%B4ng/poem-b1TOfpmE54VbCAcwUGUx0g
86,Ai (II),"Ai nhẹ bước chân xưa,
trong tuyệt mù khát vọng?
Ai nặng gót tiễn đưa,
trong hoang vu nỗi ngóng?",,https://www.thivien.net/%C4%90%E1%BB%97-Qu%E1%BA%A3ng-H%C3%A0n/Ai-II/poem-gp3MctpdSCEIjoLRVKapRw
87,Ai bày đặt chiều nay?,"Ai bày đặt chiều nay
Xui nên điều gặp gỡ
Dưới vòm xanh tán cây
Trong căn nhà lá, nứa?

Dưới dàn hoa tím, đỏ
Trong ngào ngạt hương thơm
Như là câu chuyện cổ
Của mối tinh duyên tiên...

Ai bày đặt chiều nay
Xui nên điều gặp gỡ
Nếu không là duyên số,
Nếu không là lứa đôi?

Sao nhìn nhau bối rối
Sao tiễn nhau dùng dằng
Sao người đi lối vắng
Sao người buồn dưới trăng?

Tay người ngắt chùm hoa,
Tay người vò nát lá
Người với với kẻ ở
Có điều gì bâng khuâng?

Ai bày dặt chiều nay
Xui nên điều gặp gỡ
Xin cầu trời điềm may
Hai người chung nỗi nhớ.",13-4-1998,https://www.thivien.net/V%C5%A9-Th%E1%BB%8B-Kh%C6%B0%C6%A1ng/Ai-b%C3%A0y-%C4%91%E1%BA%B7t-chi%E1%BB%81u-nay/poem-5ViX2c5TONFQJnr7KkpyLw
88,Ai buồn hơn ai?,"Ở bầu trời nào đó
ai thao thức đêm dài?
Ở một ô cửa sổ...
biết ai buồn hơn ai?

Ta mất mát cả hai
tình yêu còn ở lại
Dẫu được thua, tê tái ...
vẫn hạnh phúc đắng lòng!

Em chua chát và anh-
buồn dâng trong đáy mắt
Ngỡ ngàng giây gặp mặt...
mà lòng tắt lửa lòng!

Trong em là mùa đông
trong anh là hoang vắng
Trái tim giờ đắng lặng...
biết ai buồn hơn ai?",24 Nov 2009,https://www.thivien.net/V%C5%A9-Th%E1%BB%8B-Minh-Nguy%E1%BB%87t/Ai-bu%E1%BB%93n-h%C6%A1n-ai/poem-wuIz0YIr_f9RFC8jR2qWnw
89,Ai chờ ai mùa thu,"Nắng ngã vàng mong nhớ
Ai chờ ai mùa thu
Bên thềm hoa nở biếc
Áo chiều xa sương mù

Một lời sao chẳng ngỏ
Ngày muộn rồi qua mau
Mưa giăng mờ dốc phố
Trên môi ai giọt sầu

Khúc quanh nào khuất nẻo
Sông nước trôi niềm đau
Nhịp cầu suông bến vắng
Đêm lạnh gió ngang đầu

Đã bao mùa lá rụng
Trong tim người lãng du
Sao mùa xuân đến chậm
Cho buồn lá rừng thu","Đà Lạt, 9-5-1991.
Bài thơ trên đã được nhạc sĩ Hoàng Châu phổ nhạc

[Thông tin 1 nguồn tham khảo đã được ẩn]",https://www.thivien.net/Cao-Qu%E1%BA%A3ng-V%C4%83n/Ai-ch%E1%BB%9D-ai-m%C3%B9a-thu/poem-1EbqmZ89BXfz2sGXzcG_8w
90,Ai cười mà xinh thế,"ai cười mà xinh thế
cho lá úa quên tàn
trái sầu đương lơ lửng
bay lên trời
vỡ tan

ai cười mà xinh thế
mưa đứng sững lưng trời
nắng từ đâu bước lại
tựa vào mưa bồi hồi

ai cười mà xinh thế
cho trái đất yên bình
đến Đường Tăng cũng gật
ừ, xinh thật là xinh

ai cười mà xinh thế
lão chiến tranh cúi gằm
cô bé và cậu bé
bước tới trường tung tăng",(2000),https://www.thivien.net/Nguy%E1%BB%85n-Th%E1%BA%BF-Ho%C3%A0ng-Linh/Ai-c%C6%B0%E1%BB%9Di-m%C3%A0-xinh-th%E1%BA%BF/poem-JsXBDw73b9M2DOh9g0SNXA
91,Ai đón hạ,"Ai đi đón mùa hạ
Để nắng về xôn xao
Chim đùa trong kẽ lá
Gió thổi từ chiêm bao

Ai đi đón mùa hạ
Để sớm mai nắng hong
Chùm hoa sấu trắng xoá
Dường như cũng ửng hồng

Ai đi đón mùa hạ
Ve đầu mùa thử đàn
Nghe vọng từ xa quá
Tựa những lời ríu ran

Em đi đón mùa hạ
Anh có về cùng không
Đường quen mà ngỡ lạ
Mây vương từng bước chân",4/5/2009,https://www.thivien.net/Thu-Phong/Ai-%C4%91%C3%B3n-h%E1%BA%A1/poem-afFLrXZR-pcnB-M2ojGukw
92,Ai người hiểu rõ nhất?,"Chị tôi đi lấy chồng
Năm nay ba mươi tuổi
Bao nhiêu là mong đợi
Lần đầu tiên có con

Tôi đến thăm gặp chị
Đang quỳ dưới chân con
Nâng niu thay tã lót
Đôi bầu vú sữa căng

Tôi bồi hồi cảm động
Chưa dám bước vào phòng
Sợ bước đi kinh động
Người mẹ âu ếm con

Bỗng tiếng máy phóng thanh
Trầm trầm báo tin dữ:
Bọn đế quốc Pháp Anh
Dội bom xuốn thành phố
Nước Ai Cập hoà bình

Gian phòng như sầm tối
Môi chị tắt nụ cười:
Phải chăng là thế giới
Chiến tranh lại đến rồi?

Em ơi lòng người mẹ
Sợ vô cùng tiếng bom
Dù tiếng bom ấy nổ
Cách xa mấy đại dương!

Còn gì đau xót hơn
Bao yêu thương hy vọng
Người mẹ sống nuôi con
Như nuôi một giấc mộng

Đau thương của chiến tranh
Ai người hiểu rõ nhất?
– Chính là chị gái tôi
Người chị tuổi ba mươi
Sinh đứa con đầu lòng.","11-1956

[Thông tin 1 nguồn tham khảo đã được ẩn]",https://www.thivien.net/Ph%C3%B9ng-Qu%C3%A1n/Ai-ng%C6%B0%E1%BB%9Di-hi%E1%BB%83u-r%C3%B5-nh%E1%BA%A5t/poem-4Ozs5Ws2Y640ifsWTQiW8Q
93,Ai níu mùa xuân đấy,"Ai níu mùa xuân xuống
Cho tóc ta bồng bềnh
Lòng vẫn đầy khao khát
Tình yêu dường mưa xuân

Tình như thuở mười lăm
Áo ôm vòng eo nhỏ
Thanh khiết vai nõn lụa
Ta dám nào chạm tay

Tình như thuở xa xăm
Khi mắt em khép mở
Đôi môi hồng ngúng nguẩy
Nụ hôn như ngày đầu

Ta oà vỡ vào nhau
Thời gian còn đâu nữa
Đất trời ngưng nhịp thở
Chỉ có mình với nhau

Và… sương mai giăng đầy
Và… cỏ hoa ngập lối
Ta vươn mình uống vội
Giọt sương thơm đầu ngày.",,https://www.thivien.net/L%C3%AA-Th%E1%BB%8B-Kim/Ai-n%C3%ADu-m%C3%B9a-xu%C3%A2n-%C4%91%E1%BA%A5y/poem-mHKUylp0Ay4_lEHEyPiDHw
94,Ai về khuya,"Chợ trưa ai đợi mẹ
Bến khuya ai đợi đò
Sông trăng ai đợi bạn
Ngõ tre ai về khuya",,https://www.thivien.net/%C4%90%E1%BB%97-Qu%E1%BA%A3ng-H%C3%A0n/Ai-v%E1%BB%81-khuya/poem-Ryze7jz3QInxVqCI5EnYBg
95,Ám ảnh,"Người ấy đến rất say
từ cao trời bay xuống
một vầng trăng tròn đầy
ngôi sao nào sáng muộn

người ấy đến rất dại
từ sâu rừng chạy ra
một làn hương thơm ngát
tiếng hú nào hoang vu

người ấy đến rất nhớ
từ xa biển dạt về
một ngọn sóng mới vỡ
con thuyền nào khuất đi

người ấy đến rất thương
từ đất đen đứng dậy
một ngọn núi vô cùng
mùa xuân đang chín lại

người ấy đến rất thơ
cạn cùng tôi ly nữa
trong chuyếnh choáng trong mơ
tôi gọi: Hàn Mặc Tử",Thu 84,https://www.thivien.net/Nguy%E1%BB%85n-Thu%E1%BB%B5-Kha/%C3%81m-%E1%BA%A3nh/poem-cbnm6wwjWHryVa3JGYypuA
96,Ám ảnh,"Tôi giật mình đánh rơi
Con mèo con xuống giếng

Cái giếng sâu thăm thẳm
Cái giếng sâu kinh khủng
Cái giếng nước trong veo
Tôi cúi nhìn sáp mặt
Con mèo con trắng muốt
Con mèo con của tôi
Con mèo kêu meo meo
Gọ tay tôi quấn quýt
Gọ chân tôi quấn quýt
Con mèo lông dựng ngược
Con mèo đang nhìn tôi
Mắt trong xanh tận đáy
Nước trong xanh tận đáy
Con mèo đang gọi tôi
Bằng những bong bóng nước
Mà tay tôi cứng ngắt
Mà chân tôi cứng ngắt
Con mèo đang giãy giụa
Con mèo đang nhìn tôi
Còng queo còn mở mắt
Ngoẹo đầu còn mở mắt

Tôi giật mình hoảng hốt
Tôi giật mình khủng khiếp
Chao ôi là giấc mơ...",[Thông tin 1 nguồn tham khảo đã được ẩn],https://www.thivien.net/T%C3%B4-H%C3%A0/%C3%81m-%E1%BA%A3nh/poem-KW4MtfU0KfNqvVvvLIFv0A
97,Ám ảnh sông xưa,"Ôi, con sóng chết khô,
vật vờ trong bùn quánh!
Ôi, những tiếng gọi đò,
đầm đìa trong mưa quạnh!",,https://www.thivien.net/%C4%90%E1%BB%97-Qu%E1%BA%A3ng-H%C3%A0n/%C3%81m-%E1%BA%A3nh-s%C3%B4ng-x%C6%B0a/poem-J56x5YUFt2msQ9DpMTHETQ
98,Áng dương không biết sầu,"Áng dương không biết sầu
Nằm mãi ở trên cao
Tia nắng ấm khắp tràn
Sao chuyển thành hoàng hôn.

Em ơi sao tàn nhẫn
Nỡ xa rời vòng tay
Một thoáng như mây bay
Quên đi cả lối về.

Đợi em những đêm dài
Không một lời đối đáp
Chỉ nghe tiếng gió hát
Khát vọng đến đau thương.

Em ơi sao tàn ác
Ném mắt vào canh thâu
Ánh trăng không che nổi
Giữa mặt thung lũng sâu.","Nguồn: Lâu Văn Mua, Tôi bay vào mắt em (thơ), NXB Văn học, 2017",https://www.thivien.net/L%C3%A2u-V%C4%83n-Mua/%C3%81ng-d%C6%B0%C6%A1ng-kh%C3%B4ng-bi%E1%BA%BFt-s%E1%BA%A7u/poem-AQptKl9V4idQLzDuWi5CtA
99,Anh,"Cây bút gẫy trong tay
Cặn mực khô đáy lọ
Ánh điện tắt trong phòng
Anh về từ đường phố
Anh về từ trận gió
Anh về từ cơn mưa
Từ những ngày đã qua
Từ những ngày chưa tới
Từ lòng em nhức nhối...

Thôi đừng buồn nữa anh
Tấm rèm cửa màu xanh
Trang thơ còn viết dở
Tách nước nóng trên bàn
Và lòng em thương nhớ...

Ở ngoài kia trời gió
Ở ngoài kia trời mưa
Cây bàng đêm ngẩn ngơ
Nước qua đường chảy xiết
Tóc anh thì ướt đẫm
Lòng anh thì cô đơn
Anh cần chi nơi em
Sao mà anh chẳng nói

Anh, con đường xa ngái
Anh, bức vẽ không màu
Anh, nghìn nỗi lo âu
Anh, dòng thơ nổi gió...
Mà em người đời thường
Biết là anh có ở!","19-7-1973

[Thông tin 2 nguồn tham khảo đã được ẩn]",https://www.thivien.net/Xu%C3%A2n-Qu%E1%BB%B3nh/Anh/poem-7Scp0w3bpDrXSNX6a7QR2Q
